HobbiesAndInterests,BroadCategory
None,None
Soccer . Chess,Sports
Maths,Education & Study
Reading books Data Science Singing classical songs ,"Music & Dance, Reading & Writing"
Swimming Painting Cooking Travelling ,"Arts & Crafts, Cooking & Baking, Sports, Travel & Adventure"
Reading and interests is in study of economics  business and finance ,"Business & Finance, Education & Study, Reading & Writing"
I like to read . I like to visit new places. ,"Design, Reading & Writing"
Doodling,Arts & Crafts
Reading and Drawing ,"Arts & Crafts, Reading & Writing"
Gym coding,"Fitness & Gym, Technology & Coding"
I like to play cricket to study,"Education & Study, Sports"
Playing badminton and reading books ,"Reading & Writing, Sports"
Volleyball keeping up with the current technological trends,"Sports, Technology & Coding"
Cooking food any sports ,"Cooking & Baking, Sports"
Listen music,Music & Dance
Reading ,Reading & Writing
Beatboxing,"Music & Dance, Sports"
Chess ,Sports
Interests : Working out at the gym.,Fitness & Gym
Watching movies,Entertainment
Sports ,Sports
Cricket ,Sports
Art study related astronomy travelling ,"Arts & Crafts, Education & Study, Occult & Astrology, Travel & Adventure"
Cars automobiles sports,"Automotive & Racing, Sports"
Trekking traveling and interested in learning geography and current affairs,"Education & Study, Reading & Writing, Travel & Adventure"
Singing and listening eng poetries,"Mind & Wellness, Music & Dance"
competitive gaming (ESPORTS)  music ,"Gaming, Music & Dance, Sports"
Gaming bike riding swimming ,"Automotive & Racing, Gaming, Sports"
Bike riding and trekking ,"Automotive & Racing, Travel & Adventure"
Painting crocheting reading,"Arts & Crafts, Reading & Writing"
Painting,Arts & Crafts
My hobby is to travel new places which are covered by Nature Cooking new dishes learning various languages solving puzzles writing diary regularly playing badminton etc ,"Cooking & Baking, Design, Education & Study, Reading & Writing, Sports, Travel & Adventure"
Drawing playing outdoor games,"Arts & Crafts, Gaming"
Table tennis Swimming ,Sports
Football Swimming ,Sports
I like to write poetry and sometimes sing,Reading & Writing
Volleyball  Football ,Sports
Travelling dancing ,"Music & Dance, Travel & Adventure"
Calisthenics sketching  dancing,"Arts & Crafts, Music & Dance"
Playing football listening podcast organizing events,"Mind & Wellness, Social & Volunteering, Sports"
Playing badminton,Sports
I am a professional graphic designer. Being a graphic designer is my hobby,Design
Hobby - playing games  watching movies. Intrests - learning new skills,"Design, Education & Study, Entertainment, Gaming, Reading & Writing"
Painting diy,"Arts & Crafts, Cooking & Baking"
Walking reading ,"Fitness & Gym, Reading & Writing"
Cookingdancingdrawing,"Arts & Crafts, Cooking & Baking, Music & Dance"
Painting reading cooking dancing,"Arts & Crafts, Cooking & Baking, Music & Dance, Reading & Writing"
Playing Football ,Sports
Gym,Fitness & Gym
playing cricket gym coding ,"Fitness & Gym, Sports, Technology & Coding"
Traveling reading Helping,"Reading & Writing, Travel & Adventure"
Drawing ,Arts & Crafts
Travelling exploring foodie living life,"Cooking & Baking, Travel & Adventure"
Playing fluteguitar solo travelling,"Music & Dance, Travel & Adventure"
No,None
Dancing Exploring new things and travelling ,"Design, Music & Dance, Travel & Adventure"
Singing travelling dancing  learning new skills ,"Design, Education & Study, Music & Dance, Reading & Writing, Travel & Adventure"
Learning new skills ,"Design, Education & Study, Reading & Writing"
Read books,Reading & Writing
No,None
My hoobies are playing outdoor games like football cricket badminton kho kho  kabbadi and indoor games like chess caroom board pool . I aslo like to read  books based mythology autobiography and novel's too.  Languages prefessed hindi marathi and english . I also like do social work  and  currently did social work  with Rss ( Rastriya Swayamsevak Sangh ) being a swayamsevak since childhood. I also like to explore new thing .,"Automotive & Racing, Design, Education & Study, Gaming, Reading & Writing, Social & Volunteering, Sports"
Dancing journaling ,Music & Dance
Dancing computing with people collection of articles ,"Arts & Crafts, Music & Dance, Technology & Coding"
Travelling swimming,"Sports, Travel & Adventure"
Singing ,Music & Dance
Football,Sports
Trekking and I am interested in coding ,"Technology & Coding, Travel & Adventure"
Playing Cricket ,Sports
Cricket,Sports
Cricket ,Sports
Gaming,Gaming
Playing cricket reading books mission gadkottreking,"Reading & Writing, Sports, Travel & Adventure"
Sketching and writing ,"Arts & Crafts, Reading & Writing"
Table tennis ,Sports
Acting cooking,"Arts & Crafts, Cooking & Baking"
Gaming,Gaming
. ,None
Coding ,Technology & Coding
Football drawing online games coding ,"Arts & Crafts, Gaming, Sports, Technology & Coding"
Learning new skills sketching and painting,"Arts & Crafts, Design, Education & Study, Reading & Writing"
Playing outdoor games Swimming Reading ,"Gaming, Reading & Writing, Sports"
All types of sportsGymreading financehistorical and political books or blogslearning new technologies and understanding working of different industries,"Business & Finance, Design, Education & Study, Fitness & Gym, Reading & Writing, Sports, Technology & Coding"
Singing and coding,"Music & Dance, Technology & Coding"
Reading coding ,"Reading & Writing, Technology & Coding"
Anime football cricket movie ,"Entertainment, Sports"
Chess Basketball listening to music,"Mind & Wellness, Music & Dance, Sports"
Reading travelling,"Reading & Writing, Travel & Adventure"
Dancing and reading ,"Music & Dance, Reading & Writing"
Traveling ,Travel & Adventure
Cooking Reading Novels,"Cooking & Baking, Reading & Writing"
Sketching and playing games,"Arts & Crafts, Gaming"
Cooking dancing,"Cooking & Baking, Music & Dance"
Listening to music watching movies.,"Entertainment, Mind & Wellness, Music & Dance"
Travel Collecting old coins Watching documenteries ,"Entertainment, Travel & Adventure"
Guitar,Music & Dance
Reading and playing ,Reading & Writing
Chess and dancing,"Music & Dance, Sports"
producing music,Music & Dance
None,None
Playing Cricket,Sports
Basketball harmonium singing dancing,"Music & Dance, Sports"
Playing Cricket ,Sports
Reading ,Reading & Writing
Sports and cinema ,"Entertainment, Sports"
Sketching,Arts & Crafts
Sports drawing dancing and I have interest in coding a d extracurricular activities,"Arts & Crafts, Music & Dance, Sports, Technology & Coding"
Playing chess badminton online games travelling,"Gaming, Sports, Travel & Adventure"
Trading  poetry ,"Business & Finance, Reading & Writing"
Football watching anime,"Entertainment, Sports"
Riding studying swimming ,"Automotive & Racing, Education & Study, Sports"
Kdrama  reading books ,Reading & Writing
Football,Sports
Martial Arts,"Arts & Crafts, Sports"
Listening to music and playing video games ,"Gaming, Mind & Wellness, Music & Dance"
Photography Technological study ,"Design, Education & Study, Technology & Coding"
Singing ,Music & Dance
sports like badminton and skating,Sports
Reading story books & playing video games are my hobbies ,"Gaming, Reading & Writing"
Reading books articles sketching  study about space listening songs,"Arts & Crafts, Education & Study, Mind & Wellness, Music & Dance, Reading & Writing"
Drawing and Coding,"Arts & Crafts, Technology & Coding"
Basketball  sketching  cricket footballetc,"Arts & Crafts, Sports"
sketching sports outings ,"Arts & Crafts, Sports"
Music,Music & Dance
Travelling Singing Cooking Swimming Playing Badminton.,"Cooking & Baking, Music & Dance, Sports, Travel & Adventure"
Sports and music,"Music & Dance, Sports"
Football Singing Gaming workout,"Fitness & Gym, Gaming, Music & Dance, Sports"
Playing Football and guitar also drawing and listening to music ,"Arts & Crafts, Mind & Wellness, Music & Dance, Sports"
Playing Badminton ,Sports
Hobbies: To play outdoor sports watch movies etc.      Interests: To run a Business.,"Business & Finance, Entertainment, Sports"
Playing cricket watching movies,"Entertainment, Sports"
Getting knowledge about different businesses ,"Business & Finance, Education & Study"
Travelling,Travel & Adventure
I like to read novels play badminton. I also enjoy painting.,"Arts & Crafts, Reading & Writing, Sports"
Dance (kathak class ) reading books ,"Music & Dance, Reading & Writing"
Chess Watching Mystery movies ,"Entertainment, Sports"
Playing games playing basketball reading books,"Gaming, Reading & Writing, Sports"
Adventure trekking swimming reading vacation ,"Reading & Writing, Sports, Travel & Adventure"
I play cricket as my hobby. Love reading books ,"Reading & Writing, Sports"
Photography  swimming  trekking  painting and drawing  badminton  volleyball .,"Arts & Crafts, Design, Sports, Travel & Adventure"
Playing tabla,Music & Dance
Business case study,"Business & Finance, Education & Study"
Like to read and understand Geeta like to play badminton and football read and understand religious devotional songs.,"Music & Dance, Reading & Writing, Sports"
Chess Gaming,"Gaming, Sports"
Football Calisthenics and Cycling,Sports
Reading,Reading & Writing
Driving car and sketching ,"Arts & Crafts, Automotive & Racing, Travel & Adventure"
Singing Reading Travelling Games Movies ,"Entertainment, Gaming, Music & Dance, Reading & Writing, Travel & Adventure"
Design ,Design
Tracking is my hobbies to visit various forts and mountains ,Travel & Adventure
Entrepreneurship Cricket ,"Business & Finance, Sports"
Listening to music,"Mind & Wellness, Music & Dance"
Playing Cricket and BGMI,Sports
My hobby is learning new skillsalso i love singing.,"Design, Education & Study, Music & Dance, Reading & Writing"
Sports in( cricket),Sports
Cricket Project work Chess.,"Business & Finance, Sports"
Teaching students outdoor activities yoga  dancing,"Education & Study, Mind & Wellness, Music & Dance"
Cars,Automotive & Racing
Swimming ,Sports
Dancing ,Music & Dance
Playing physical & video games driving bick raiding ,"Gaming, Travel & Adventure"
Bodybuilding Driving ,"Fitness & Gym, Travel & Adventure"
Design ,Design
Musical instruments playing ,Music & Dance
Cricket volleyball cooking  stock market Trekking travelling ,"Business & Finance, Cooking & Baking, Sports, Travel & Adventure"
Working out hanging out with family and friends sports like cricketkabaddi Playing cards Video games.,"Automotive & Racing, Gaming, Mind & Wellness, Sports"
Trekking,Travel & Adventure
Interested in learning new skills ,"Design, Education & Study, Reading & Writing"
Car & Bike Driving ,"Automotive & Racing, Travel & Adventure"
Paintingbaking cooking art writingjournaling and writing dairy ,"Arts & Crafts, Cooking & Baking, Reading & Writing"
To learn new things,"Design, Reading & Writing"
Car knowledge  cricket badminton acting ,"Arts & Crafts, Automotive & Racing, Education & Study, Sports"
Gym for healthy physic,Fitness & Gym
Photography basketball,"Design, Sports"
Traveling and Football ,"Sports, Travel & Adventure"
Trekking reading travelling ,"Reading & Writing, Travel & Adventure"
Watching movies playing games,"Entertainment, Gaming"
Dancing reading books ,"Music & Dance, Reading & Writing"
Football eSports,"Gaming, Sports"
Travelling and Anime watching ,"Entertainment, Travel & Adventure"
I Just Love CRICKET ðŸ,Sports
Sports dancing reading books,"Music & Dance, Reading & Writing, Sports"
I like Aerodesigning I like listening podcasts I like playing outdoor games,"Design, Gaming, Mind & Wellness"
Tracking ,Travel & Adventure
Reading and Writing poetry ,Reading & Writing
I am a tech enthusiast and really interested in Cyber Security field. I recently got selected at IIT Guwahati's Cyber Security Expert Mini Credit program and pursuing this degree from IIT Guwahati. I am also a Singer and love singing. Due to my strong leadership and management skills I have been elected as Vice-president of College's first Cyber Security Students Club Protocol which is a college level Club.,"Music & Dance, Technology & Coding"
Reading ,Reading & Writing
Solving Rubics cube,Puzzles
Music ,Music & Dance
There are many but kez hobbies is playing badminton and working for business ideas,"Business & Finance, Sports"
music and badminton ,"Music & Dance, Sports"
Reading organizing ,Reading & Writing
Playing team sports ,Sports
Gaming  Listening To Music ,"Gaming, Mind & Wellness, Music & Dance"
Watching movies playing chess ,"Entertainment, Sports"
Trekking Reading books cycling ,"Reading & Writing, Travel & Adventure"
Drawing ,Arts & Crafts
-,None
Playing games,Gaming
playing cricket football etc,Sports
Sports Drawing ,"Arts & Crafts, Sports"
Currently interested in learning stock marketing ,"Business & Finance, Education & Study, Reading & Writing"
Swimming ,Sports
I interested in achiving good skills in mechanical field . I am interested to study softwares about mechanical engineering. ,"Education & Study, Technology & Coding"
Sports ,Sports
SANDART Singing acting  drawing participate in dramas in cultural ,"Arts & Crafts, Music & Dance"
Drawing Painting Art and Crafts Photography Exploring ,"Arts & Crafts, Design, Travel & Adventure"
Playing video games or cricket or maybe physical activities ,"Gaming, Sports"
Driving treaking ,Travel & Adventure
Cooking and aero modelling ,Cooking & Baking
Cricket swimming,Sports
Sports dance travelling trekking cooking ,"Cooking & Baking, Music & Dance, Sports, Travel & Adventure"
trekking travelling cooking and playing sports,"Cooking & Baking, Sports, Travel & Adventure"
Calligraphy lettering  drawing writing speaking  ,"Arts & Crafts, Reading & Writing"
Sports and exploring new places,"Design, Sports, Travel & Adventure"
I like to travel and I love to trek ,Travel & Adventure
. ,None
Sports,Sports
Hobbies - None Interests - Anime Foreign policy Geoplitics ,None
sports ,Sports
Doing workout ,"Fitness & Gym, Technology & Coding"
Watch Movies ,Entertainment
Dancing basic cooking,"Cooking & Baking, Music & Dance"
Reading books,Reading & Writing
Playing crickets travelling etc,"Sports, Travel & Adventure"
Listening music reading ,"Mind & Wellness, Music & Dance, Reading & Writing"
exploring ,Travel & Adventure
Football and anime ,Sports
Sketchingart content creator editingdesignier,"Arts & Crafts, Design"
Watching YouTube ,Entertainment
Reading writing ,Reading & Writing
Listening to music ,"Mind & Wellness, Music & Dance"
Working out Reading ,Reading & Writing
Playing outdoor games ,Gaming
Music,Music & Dance
Cookingreading,"Cooking & Baking, Reading & Writing"
Watching Series Reading Books,"Entertainment, Reading & Writing"
Designing,Design
Music ,Music & Dance
Car racing  hair care and skin care,Automotive & Racing
Reading books and painting ,"Arts & Crafts, Reading & Writing"
Sports ,Sports
Sketching  reading ,"Arts & Crafts, Reading & Writing"
Playing karateboxing aero modelling etc,Sports
Watching Sports Drawing Cricket,"Arts & Crafts, Entertainment, Sports"
Swimming cricket seating with friends relieves my stress,Sports
Playing Cricket ,Sports
Listening music  travelling ,"Mind & Wellness, Music & Dance, Travel & Adventure"
Playing and Watching sport,"Entertainment, Sports"
Playing Guitar  Listening to Songs ,"Mind & Wellness, Music & Dance"
Playing kabadi dancing ,Music & Dance
Music  reading  sketching ,"Arts & Crafts, Music & Dance, Reading & Writing"
Gym,Fitness & Gym
No,None
Reading books ,Reading & Writing
ReadingSwimmingTrekking,"Reading & Writing, Sports, Travel & Adventure"
Listening music playing football and play video games,"Gaming, Mind & Wellness, Music & Dance, Sports"
Astronomy ,Occult & Astrology
Gym and civil designing,"Design, Fitness & Gym"
Sports,Sports
Singing ,Music & Dance
Good listener and motivated,Reading & Writing
No,None
Cricket ,Sports
Acting ,Arts & Crafts
Drawing ,Arts & Crafts
Cricket ,Sports
Traveling ,Travel & Adventure
Playing cricket ,Sports
Art ,Arts & Crafts
Sketching hangout with loved ones  etc ,"Arts & Crafts, Mind & Wellness"
Coding exploring watching movies,"Entertainment, Technology & Coding, Travel & Adventure"
Networking and sketching ,"Arts & Crafts, Social & Volunteering"
Playing online games exploring new business ideas exploring new things travelling farming,"Business & Finance, Design, Gaming, Travel & Adventure"
Reading books ,Reading & Writing
Drawing sketching reading,"Arts & Crafts, Reading & Writing"
Reading ,Reading & Writing
Cricket Flute Gaming,"Gaming, Music & Dance, Sports"
I love cooking and eating. Also I'm interested in singing bollywood songs as well as classical ,"Cooking & Baking, Music & Dance"
Hobby is Dance and interest to know the new things or technologies ,"Design, Music & Dance, Technology & Coding"
Travelling reading novels ,"Reading & Writing, Travel & Adventure"
Computer programming ,Technology & Coding
Gaming,Gaming
Watching and playing cricket Listening Music travelling ,"Entertainment, Mind & Wellness, Music & Dance, Sports, Travel & Adventure"
Trekking and sports,"Sports, Travel & Adventure"
Teaching ,Education & Study
Drawing Dancing ,"Arts & Crafts, Music & Dance"
Taekwondo ,Sports
Drawing art dance  badminton listening music,"Arts & Crafts, Mind & Wellness, Music & Dance, Sports"
Coding,Technology & Coding
Playing cricket and treking ,"Sports, Travel & Adventure"
Football photography ,"Design, Sports"
Reading and travelling ,"Reading & Writing, Travel & Adventure"
Playing tabla and chess,"Music & Dance, Sports"
Playing Sports and Doing Adventures Activities ,"Sports, Technology & Coding, Travel & Adventure"
Dance,Music & Dance
Listening to music ,"Mind & Wellness, Music & Dance"
Travelling reading dancing adventures exploring new things ,"Design, Music & Dance, Reading & Writing, Travel & Adventure"
Chess and gym,"Fitness & Gym, Sports"
Watching Cricket match,"Entertainment, Sports"
Networking community service learning language yoga cooking ,"Cooking & Baking, Education & Study, Mind & Wellness, Reading & Writing, Social & Volunteering"
Traveling and Driving,Travel & Adventure
Coding and drawing ,"Arts & Crafts, Technology & Coding"
Movies  Sport,"Entertainment, Sports"
Cooking ,Cooking & Baking
Games projects development ,"Business & Finance, Gaming"
Singing songs,Music & Dance
Play games,Gaming
Playing ground games,Gaming
Dance,Music & Dance
Cricket Hiking & Movies,"Entertainment, Sports, Travel & Adventure"
Playing Cricket football and badminton rather than im car enthusiastic ,"Automotive & Racing, Sports"
Learning new languages ,"Design, Education & Study, Reading & Writing"
Love to write stories  reading the books ,Reading & Writing
Guitarist  cricket  driving ,"Music & Dance, Sports, Travel & Adventure"
Drawing listening music ,"Arts & Crafts, Mind & Wellness, Music & Dance"
Football video games music,"Gaming, Music & Dance, Sports"
Making project to solve real world problems ,Business & Finance
Exploringteam work ,Travel & Adventure
Singing cricket ,"Music & Dance, Sports"
Listening song,"Mind & Wellness, Music & Dance"
Watching Movies Swimming Playing Games,"Entertainment, Gaming, Sports"
sports: basketballcricket,Sports
Cooking ,Cooking & Baking
Watching movie,Entertainment
Love painting and travelling ,"Arts & Crafts, Travel & Adventure"
Traveling ,Travel & Adventure
Trekking and Travelling  also Football ,"Sports, Travel & Adventure"
Cooking and traveling ,"Cooking & Baking, Travel & Adventure"
Sketching travelling ,"Arts & Crafts, Travel & Adventure"
Playing football and doing workout ,"Fitness & Gym, Sports, Technology & Coding"
Sudoku singing dancing.,Music & Dance
Painting Swimming Sketching ,"Arts & Crafts, Sports"
Playing cricket ,Sports
I like to travel .and listening the songs,"Mind & Wellness, Music & Dance, Travel & Adventure"
Outdoor activities and reading books,Reading & Writing
Play cricket and kabbadi ,Sports
To learn new things and cricket for physical fitness.,"Design, Fitness & Gym, Reading & Writing, Sports"
Drawing mehndi  reading Book playing tennis and guitar ,"Arts & Crafts, Music & Dance, Reading & Writing, Sports"
Traveling ,Travel & Adventure
Cooking travelling ,"Cooking & Baking, Travel & Adventure"
Reading Dancing ,"Music & Dance, Reading & Writing"
Playing football ,Sports
Sleeping,Mind & Wellness
I'm into sports. Love playing badminton. Been a national skater and a state swimmer,Sports
Artcookingphotographytravelling ,"Arts & Crafts, Cooking & Baking, Design, Travel & Adventure"
Adventure ,Travel & Adventure
Watching movies ,Entertainment
Read books ,Reading & Writing
Reading books,Reading & Writing
Reading ,Reading & Writing
I like to participate in activities also making new connections,"Arts & Crafts, Design"
cookingtreking,"Cooking & Baking, Travel & Adventure"
Hiking ,Travel & Adventure
Sketching ,Arts & Crafts
Na,None
Drawing reading ,"Arts & Crafts, Reading & Writing"
Film making ,Entertainment
Football & Gaming ,"Gaming, Sports"
Reading books,Reading & Writing
Cricket,Sports
None,None
Learning new musical instruments ,"Design, Education & Study, Music & Dance, Reading & Writing"
Dancing Cricket Travel,"Music & Dance, Sports, Travel & Adventure"
Dancing playing basketball ,"Music & Dance, Sports"
Learning new skills interested in software & coding languages dancing sports ,"Design, Education & Study, Music & Dance, Reading & Writing, Sports, Technology & Coding"
Exploring new places ,"Design, Travel & Adventure"
Listening music drawing,"Arts & Crafts, Mind & Wellness, Music & Dance"
Trekking ,Travel & Adventure
Playing and coding ,Technology & Coding
Playing cricket,Sports
Reading ,Reading & Writing
Cricket ,Sports
Playing cricket ,Sports
Sketching dancing ,"Arts & Crafts, Music & Dance"
Playing chess and stock market research ,"Business & Finance, Education & Study, Sports"
Listening Music,"Mind & Wellness, Music & Dance"
Playing,Sports
Reading ,Reading & Writing
dance listening songs short walksmaking creative things learning about the things I don't know etc. ,"Education & Study, Mind & Wellness, Music & Dance, Reading & Writing"
Drawing and games,"Arts & Crafts, Gaming"
Drawingsread newspapers playing mehendi ,"Arts & Crafts, Design, Reading & Writing"
Reading Books,Reading & Writing
Playing games,Gaming
Classical dance,Music & Dance
ESports,"Gaming, Sports"
Art browsing ,Arts & Crafts
-,None
Painting watching movies,"Arts & Crafts, Entertainment"
Drawing painting ,Arts & Crafts
Reading,Reading & Writing
Painting Singing listening to music,"Arts & Crafts, Mind & Wellness, Music & Dance"
Dance ,Music & Dance
Studying people and society ,Education & Study
Playing sports,Sports
Bike Riding   Rap Song  Farming ,"Automotive & Racing, Music & Dance"
Cricket reading books chess,"Reading & Writing, Sports"
Painting music listening exploring new things ,"Arts & Crafts, Design, Mind & Wellness, Music & Dance, Travel & Adventure"
Writing ,Reading & Writing
Drawing ,Arts & Crafts
I love to dance sometimes ,Music & Dance
Dancing singing coding,"Music & Dance, Technology & Coding"
Swimming,Sports
Reading books and drawing ,"Arts & Crafts, Reading & Writing"
Traveling ,Travel & Adventure
Travelling Watching Movies ,"Entertainment, Travel & Adventure"
Exercise Running cricket football volleyball Swimming ,"Fitness & Gym, Sports"
Playing Bandminton ,Sports
Driving cars ,"Automotive & Racing, Travel & Adventure"
Dancing listening music create new things interior designing ,"Design, Mind & Wellness, Music & Dance"
Listening music,"Mind & Wellness, Music & Dance"
Playing cricket and swimming ,Sports
Swimming playing cricket football music etc,"Music & Dance, Sports"
cooking,Cooking & Baking
Reading books ,Reading & Writing
Reading and listening music and I love nature ,"Mind & Wellness, Music & Dance, Reading & Writing"
ART AND CRAFT,Arts & Crafts
Reading ,Reading & Writing
Coding ,Technology & Coding
Traveling  Reading  Dancing.,"Music & Dance, Reading & Writing, Travel & Adventure"
My hobbies and interests include dancing drawing painting sketching and sports. I enjoy communicating with people offering advice and helping them solve issues in their lives. I also have a keen interest in cooking and experimenting with new dishes as well as exploring opportunities in communication-related fields,"Arts & Crafts, Cooking & Baking, Design, Music & Dance, Sports, Travel & Adventure"
Health & music,Music & Dance
Cricket and basketball ,Sports
Cricket,Sports
Listening music ,"Mind & Wellness, Music & Dance"
I want to take my family on word toor ,"Mind & Wellness, Travel & Adventure"
Reading,Reading & Writing
Music dance outdoor games,"Gaming, Music & Dance"
Gaming playing travelling ,"Gaming, Travel & Adventure"
Art and Craft,Arts & Crafts
I like to write songs and poems and talking to older experienced people ,"Music & Dance, Reading & Writing"
Reading listening to music Badminton watching movies editing sudoku,"Entertainment, Mind & Wellness, Music & Dance, Reading & Writing, Sports"
Dance,Music & Dance
Playing cricket ,Sports
Sketching ,Arts & Crafts
Dance,Music & Dance
Traveling ,Travel & Adventure
Traveling ,Travel & Adventure
drawing random things,Arts & Crafts
Volunteering watching series ,"Entertainment, Social & Volunteering"
Read books ,Reading & Writing
writing  playing games,"Gaming, Reading & Writing"
Cricket ,Sports
I love Sketchingmusictravel ,"Arts & Crafts, Music & Dance, Travel & Adventure"
Basketball ,Sports
Swimming dance travel,"Music & Dance, Sports, Travel & Adventure"
chess,Sports
Reading...,Reading & Writing
Reading program language entrepreneur ,"Education & Study, Reading & Writing"
Web development and designing ,"Design, Technology & Coding"
Playing cricket ,Sports
Dancing listening music ,"Mind & Wellness, Music & Dance"
In Gaming ,Gaming
Singing playing guitar etc,Music & Dance
Sports Gaming Rides,"Gaming, Sports"
Reading Books Playing Cricket Coding ,"Reading & Writing, Sports, Technology & Coding"
Books,Reading & Writing
Swimming  Chess Travelling Learn new things about networking subject ,"Design, Reading & Writing, Social & Volunteering, Sports, Travel & Adventure"
Solving Cubes,Puzzles
Reading books ,Reading & Writing
Cooking Learning,"Cooking & Baking, Education & Study, Reading & Writing"
Reading books  travelling ,"Reading & Writing, Travel & Adventure"
Dance and book reading ,"Music & Dance, Reading & Writing"
Drawing Reading Books,"Arts & Crafts, Reading & Writing"
Listening Music ,"Mind & Wellness, Music & Dance"
Eager to learn new things,"Design, Reading & Writing"
Coding,Technology & Coding
Cricket ,Sports
travling with friends,None
Dance. Read books ,"Music & Dance, Reading & Writing"
Comedy,Entertainment
Singing crafting sketching and reading ,"Arts & Crafts, Music & Dance, Reading & Writing"
Cricket ,Sports
Playing football and chess  video editing ,"Design, Sports"
Swimming ,Sports
Read books play games ,"Gaming, Reading & Writing"
Hobbie is to play volleyball and I am a dhol vadak,Sports
Dancing  and writing ,"Music & Dance, Reading & Writing"
GYMLearning new Skills,"Design, Education & Study, Fitness & Gym, Reading & Writing"
Cooking dancing ,"Cooking & Baking, Music & Dance"
Study sport music  reading ,"Education & Study, Music & Dance, Reading & Writing, Sports"
My hobby is reading books listening songs,"Mind & Wellness, Music & Dance, Reading & Writing"
CricketSinging and Music,"Music & Dance, Sports"
Coding ,Technology & Coding
Cricket Music Reading ,"Music & Dance, Reading & Writing, Sports"
  stay busy Work Reading listening song ,"Mind & Wellness, Music & Dance, Reading & Writing"
Painting and music ,"Arts & Crafts, Music & Dance"
Games Cricket ,"Gaming, Sports"
Playing cricket and football+ coding +reading ,"Reading & Writing, Sports, Technology & Coding"
None,None
Cricket and gym ,"Fitness & Gym, Sports"
Dancing,Music & Dance
Reading ,Reading & Writing
Playing  outdoor game's ,Gaming
Cricket kabaddi ,Sports
Reading ,Reading & Writing
Creativity ,Arts & Crafts
Reading ,Reading & Writing
Doing farm work swimming exercise reading ,"Fitness & Gym, Reading & Writing, Sports, Technology & Coding"
Singing ,Music & Dance
Hobbies playing games intrest cyber security ,"Gaming, Technology & Coding"
Listening music  spending time with family and friends,"Mind & Wellness, Music & Dance"
Reading books playing games ,"Gaming, Reading & Writing"
Sports,Sports
Acting,Arts & Crafts
Conding and Body Building ,Technology & Coding
Reading ,Reading & Writing
Playing flute,Music & Dance
Reading books & travelling ,"Reading & Writing, Travel & Adventure"
Cricket ,Sports
Sketching playing outside games dancing,"Arts & Crafts, Gaming, Music & Dance"
Painting and Art . Interest is in art where it always bring out my creative skills.,Arts & Crafts
Playing and learn something new like any skill or work in any industry .,"Design, Reading & Writing"
Football and pubg,Sports
I like to play Cricket in my free time.,Sports
Listing song try for new things ,"Design, Music & Dance"
Stock Market and trading space  and reading books. ,"Business & Finance, Reading & Writing"
Chess cricket online video games,"Gaming, Sports"
Reading  chess  art ,"Arts & Crafts, Reading & Writing, Sports"
Drawings and trekking and travelling ,"Arts & Crafts, Travel & Adventure"
Travelling Dancing,"Music & Dance, Travel & Adventure"
Doing something special for my parents ,"Mind & Wellness, Technology & Coding"
Singing and Reading,"Music & Dance, Reading & Writing"
Dancing watching movies ,"Entertainment, Music & Dance"
Driving and traveling ,Travel & Adventure
Cricket ,Sports
Music ,Music & Dance
Hobby is singing and reading books,"Music & Dance, Reading & Writing"
Playing Chess and Cricket ,Sports
Cricket Gaming Coding ,"Gaming, Sports, Technology & Coding"
Swimming,Sports
Swimming ,Sports
Playing sports,Sports
Drawingplaying long tennis cycling,"Arts & Crafts, Sports"
Games ,Gaming
Driving research & teaching ,"Education & Study, Travel & Adventure"
Basketball football ,Sports
Gym for healthy physic ,Fitness & Gym
Travel ,Travel & Adventure
Exploring new things ,"Design, Travel & Adventure"
Designingart dancing ,"Arts & Crafts, Design, Music & Dance"
Sports,Sports
Can play each and every sports.. An athleteâ€¦ good leadership qualityâ€¦ volleyball district player.. ,Sports
Football,Sports
Sports ,Sports
Travel ,Travel & Adventure
Reading ,Reading & Writing
Playing cricket reading novels ,"Reading & Writing, Sports"
Building circuits playing football basketball ,Sports
Cricket  Badminton  Gym,"Fitness & Gym, Sports"
Gymnasium ,Fitness & Gym
Travellingdancingcookinginteracting new peopleexploring new thingslearning everything which is difficultshopping,"Arts & Crafts, Cooking & Baking, Design, Education & Study, Music & Dance, Reading & Writing, Travel & Adventure"
Designing ,Design
Playing sports ,Sports
Watching movies Gardening. ,"Entertainment, Gardening"
I like to play cricket ,Sports
Learning new skills ,"Design, Education & Study, Reading & Writing"
Dancing and singing ,Music & Dance
Football and chess,Sports
Reading Books and Drawing or Painting ,"Arts & Crafts, Reading & Writing"
Playing outdoor games & love to watch sports competitions,"Entertainment, Gaming, Sports"
Reading bookstrecking ,Reading & Writing
Problem Solving,Puzzles
Many ,None
Cricket  travel ,"Sports, Travel & Adventure"
Playing cricket  web developement and personality development ,Sports
Singing  experiencing new work  reading ,"Design, Music & Dance, Reading & Writing"
Drawing & playing Badminton ,"Arts & Crafts, Sports"
Gaming ,Gaming
1) I like to play Guitar 2) I love to Travel 3) I love to speak with new people,"Design, Music & Dance, Travel & Adventure"
To do something new,Design
Dance travel ,"Music & Dance, Travel & Adventure"
Movies,Entertainment
Cricket ,Sports
Watching movies and watch collections,Entertainment
Gaming Sports,"Gaming, Sports"
Gym ,Fitness & Gym
Playing badminton and listening songs,"Mind & Wellness, Music & Dance, Sports"
Sports and reading ,"Reading & Writing, Sports"
Playing guitar Reading,"Music & Dance, Reading & Writing"
Cricket ,Sports
Listening musicreading sci-fi novels watching documentariespc games,"Entertainment, Gaming, Mind & Wellness, Music & Dance, Reading & Writing"
Music and reading ,"Music & Dance, Reading & Writing"
My hobbies are drawing like to swim and travel (explore new places) with friends,"Arts & Crafts, Design, Sports, Travel & Adventure"
Playing football athleticsarts,"Arts & Crafts, Sports"
Reading ,Reading & Writing
-,None
Dancing ,Music & Dance
Drawing ,Arts & Crafts
Traveling ,Travel & Adventure
Aeromodelling music,Music & Dance
Participate in any extra curricular activities,Arts & Crafts
Reading books ,Reading & Writing
Dance and travel ,"Music & Dance, Travel & Adventure"
Listening music ,"Mind & Wellness, Music & Dance"
Automobile ,Automotive & Racing
Drawing and painting ,Arts & Crafts
Swimming sketching playing badminton,"Arts & Crafts, Sports"
Music guitar working out cleaning ,Music & Dance
Cooking & travelling ,"Cooking & Baking, Travel & Adventure"
No,None
Watching web series Travel bike riding ,"Automotive & Racing, Entertainment, Travel & Adventure"
Studying cooking ,"Cooking & Baking, Education & Study"
Writing and traveling,"Reading & Writing, Travel & Adventure"
Rifel Shooting ,Sports
Cooking,Cooking & Baking
Cooking and planning trips,Cooking & Baking
Play games,Gaming
Reading books trekking cooking playing cricket etc.,"Cooking & Baking, Reading & Writing, Sports, Travel & Adventure"
Understanding mechanism and Repairing electronics devices.,Technology & Coding
I Like Playing Instruments And Dancingalso Loves To Play All sports Games Doing Volunteering Of Various Events Activitiesetc.,"Gaming, Music & Dance, Social & Volunteering, Sports, Technology & Coding"
Reading books watching movies travelling and exploring different places listening music ,"Entertainment, Mind & Wellness, Music & Dance, Reading & Writing, Travel & Adventure"
Karate Chess Swimming Badminton and Cricket ,Sports
Volley Ball ,Sports
Dancing and reading books,"Music & Dance, Reading & Writing"
Reading books ,Reading & Writing
Reading books singing ,"Music & Dance, Reading & Writing"
Sketching ,Arts & Crafts
Dancing  listening to music etc,"Mind & Wellness, Music & Dance"
Listening to music and going for trekking. ,"Mind & Wellness, Music & Dance, Travel & Adventure"
Sketching reading novels singing playing guitar  badminton ,"Arts & Crafts, Music & Dance, Reading & Writing, Sports"
Learning new things and technology,"Design, Education & Study, Reading & Writing, Technology & Coding"
Health and fitness ,Fitness & Gym
Reading story books ,Reading & Writing
Traking traveling listening music ,"Mind & Wellness, Music & Dance, Travel & Adventure"
F1 and Books,Reading & Writing
Reading story books and photography ,"Design, Reading & Writing"
Physical fitness and watching podcast of army veteran,"Entertainment, Fitness & Gym"
Reading books ,Reading & Writing
Travelinggaming,"Gaming, Travel & Adventure"
Arts and drawing ,Arts & Crafts
Basketball,Sports
Playing outdoor games  learning new things ,"Design, Education & Study, Gaming, Reading & Writing"
Reading sketchingmoviesmusic,"Arts & Crafts, Entertainment, Music & Dance, Reading & Writing"
Reading and exploring,"Reading & Writing, Travel & Adventure"
Sports ,Sports
Music traveling singing ,"Music & Dance, Travel & Adventure"
Drawing ,Arts & Crafts
Sports,Sports
Dance,Music & Dance
Drawing,Arts & Crafts
Reading books ,Reading & Writing
Reading books treking farming and coding. ,"Reading & Writing, Technology & Coding, Travel & Adventure"
Play draw swim Love being in farm travel,"Sports, Travel & Adventure"
Painting travelling ,"Arts & Crafts, Travel & Adventure"
Reading books exercising studying ,"Education & Study, Fitness & Gym, Reading & Writing"
Travelling and adventure ,Travel & Adventure
Cooking Travelling reading ,"Cooking & Baking, Reading & Writing, Travel & Adventure"
Playing Sports Hiking Travelling ,"Sports, Travel & Adventure"
Finance future cricket practical ,"Business & Finance, Sports"
Photography treks ,"Design, Travel & Adventure"
Football ,Sports
.,None
Playing games and sports,"Gaming, Sports"
Traveling and playing football badminton ,"Sports, Travel & Adventure"
Reading books bike riding ,"Automotive & Racing, Reading & Writing"
Trekking swimming karate painting reading ,"Arts & Crafts, Reading & Writing, Sports, Travel & Adventure"
Dancing  reading,"Music & Dance, Reading & Writing"
Aquarium,Mind & Wellness
Do study in different technology ,"Education & Study, Technology & Coding"
Reading ,Reading & Writing
Trading and Swimming ,"Business & Finance, Sports"
Listening Songs,"Mind & Wellness, Music & Dance"
Dance travel,"Music & Dance, Travel & Adventure"
Badminton ,Sports
Nothing,None
Sports ,Sports
Swimming Drawing Trecking ,"Arts & Crafts, Sports"
Adventure ,Travel & Adventure
Reading ,Reading & Writing
.,None
Football Reading Swimming Listening to music Travelling,"Mind & Wellness, Music & Dance, Reading & Writing, Sports, Travel & Adventure"
Dancing and learning english ,"Education & Study, Music & Dance, Reading & Writing"
Playing games,Gaming
Travelling ,Travel & Adventure
Drawing dancing ,"Arts & Crafts, Music & Dance"
My hobbies is to take knowledge of different technology and to go outside at different places in nature. ,"Education & Study, Technology & Coding"
Coding watching movies ,"Entertainment, Technology & Coding"
Reading swimming & playing badminton ,"Reading & Writing, Sports"
Long Walks with friends & Bike Rides,Automotive & Racing
Playing games reading books,"Gaming, Reading & Writing"
Travelling trekking reading Books,"Reading & Writing, Travel & Adventure"
Reading books playing mobile/pc games cooking & singing,"Cooking & Baking, Gaming, Music & Dance, Reading & Writing"
Football Gaming Singing,"Gaming, Music & Dance, Sports"
Photography ,Design
I enjoy painting travelling and reading books,"Arts & Crafts, Reading & Writing, Travel & Adventure"
Reading Singing Travelling ,"Music & Dance, Reading & Writing, Travel & Adventure"
Grading Fitness Activities Travelling ,"Fitness & Gym, Travel & Adventure"
Badminton ,Sports
trekking,Travel & Adventure
Reading Games Music Learning ,"Education & Study, Gaming, Music & Dance, Reading & Writing"
Dancing & art,"Arts & Crafts, Music & Dance"
Sports like kabbadi cricket. Hobbies are dancing reading gardening. ,"Gardening, Music & Dance, Reading & Writing, Sports"
Gardening Cooking Reading.,"Cooking & Baking, Gardening, Reading & Writing"
Esports,"Gaming, Sports"
Sports ,Sports
Travelling Playing Cricket Table Tennis Singing,"Music & Dance, Sports, Travel & Adventure"
Cricket Reading Novels,"Reading & Writing, Sports"
Sports,Sports
Online gaming drawing  sweeming ,"Arts & Crafts, Gaming"
Gaming,Gaming
Reading CookingCrocheting,"Cooking & Baking, Reading & Writing"
Meditation Cooking diary writing playing badminton drawing conversation with peers,"Arts & Crafts, Cooking & Baking, Mind & Wellness, Reading & Writing, Sports"
Sketching and painting riding bikes,"Arts & Crafts, Automotive & Racing"
Travelling ,Travel & Adventure
Singing and Paino Player,Music & Dance
Singing and listening Songs travelling reading self- help books,"Mind & Wellness, Music & Dance, Reading & Writing, Travel & Adventure"
Physical sports trekking ,"Sports, Travel & Adventure"
Chess,Sports
Cinema ,Entertainment
.,None
Playing Badminton ,Sports
Football and reading ,"Reading & Writing, Sports"
No such hobbies. I loke to do what I am doing nicely and perfectly.,Technology & Coding
Hobbies - Dance  Intrest- Trekking ,"Music & Dance, Travel & Adventure"
Drawing and playing games ,"Arts & Crafts, Gaming"
Playing kabaddi ,Sports
Dancing and watching movies,"Entertainment, Music & Dance"
Like to play video games,Gaming
Doodling  drawing,Arts & Crafts
Drawing reading ,"Arts & Crafts, Reading & Writing"
Chess  reading novels kabaddi,"Reading & Writing, Sports"
Art and playing games,"Arts & Crafts, Gaming"
MusicSongs,Music & Dance
Dancing swimming singing,"Music & Dance, Sports"
Listening to Music ,"Mind & Wellness, Music & Dance"
Sketching ,Arts & Crafts
Making mechanical projects,"Business & Finance, Technology & Coding"
Interested in playing games ,Gaming
Guitar singing travelling on motorcycle.,"Automotive & Racing, Music & Dance, Travel & Adventure"
Music Gaming Basketball Running,"Fitness & Gym, Gaming, Music & Dance, Sports"
Art ,Arts & Crafts
Coding Reading,"Reading & Writing, Technology & Coding"
Badminton sketching drawing,"Arts & Crafts, Sports"
Reading and listening to music,"Mind & Wellness, Music & Dance, Reading & Writing"
Playing chess,Sports
Teaching ,Education & Study
I like to visit new places . I like to learn new things.,"Design, Reading & Writing"
Music movies,"Entertainment, Music & Dance"
Playing badminton ,Sports
MusicDanceSleepTravel,"Mind & Wellness, Music & Dance, Travel & Adventure"
Trying new things ,Design
Travel painting playing badminton photography ,"Arts & Crafts, Design, Sports, Travel & Adventure"
Photography ,Design
Reading ,Reading & Writing
Playing cricket ,Sports
Sketching Dancing,"Arts & Crafts, Music & Dance"
FootballAthletics and badminton and solving maths calculations,"Education & Study, Sports"
Reading ,Reading & Writing
Travelling,Travel & Adventure
Gameing  listening music watching movies  talking with friends ,"Entertainment, Gaming, Mind & Wellness, Music & Dance"
playing badminton,Sports
Reading  playing cricket coding ,"Reading & Writing, Sports, Technology & Coding"
I like cooking and singing songs. I like coding and I am work passionate.,"Cooking & Baking, Music & Dance, Technology & Coding"
CodingPlaying gamesreading,"Gaming, Reading & Writing, Technology & Coding"
Photography ,Design
Singing ,Music & Dance
Reading news and articles related to current affairs,"Arts & Crafts, Design, Reading & Writing"
Singing songs campaign teamwork cooking ,"Cooking & Baking, Music & Dance"
Reading books astronomy sports,"Occult & Astrology, Reading & Writing, Sports"
Volleyball Reading Books,"Reading & Writing, Sports"
Listening to music  reading ,"Mind & Wellness, Music & Dance, Reading & Writing"
motorcycle,Automotive & Racing
Playing football event management etc,"Social & Volunteering, Sports"
Exercising ,Fitness & Gym
Drawing,Arts & Crafts
Trekking swimming football ,"Sports, Travel & Adventure"
Swimming Travelling Art & Craft Farming ,"Arts & Crafts, Sports, Travel & Adventure"
I have interest in learning new things ,"Design, Education & Study, Reading & Writing"
playing games,Gaming
Cooking and reading,"Cooking & Baking, Reading & Writing"
Reading Writing poems listening songs,"Mind & Wellness, Music & Dance, Reading & Writing"
Cricket swimming ,Sports
Archery,Sports
Drawing writing shayari,"Arts & Crafts, Reading & Writing"
Reading and watching webseries ,"Entertainment, Reading & Writing"
Playing Kabbadi,Sports
Nope ,None
Music Sports Theatre,"Music & Dance, Sports"
Travelling ,Travel & Adventure
Capturing the picture of naturedrawing playing.,Arts & Crafts
Web development ,Technology & Coding
I m interested in occult sciences like palmistry astrology numerology.,Occult & Astrology
Workout cricket,"Fitness & Gym, Sports"
Sketching reading ,"Arts & Crafts, Reading & Writing"
Social service  Design  Event Mangement  Adventure activity ,"Design, Social & Volunteering, Travel & Adventure"
Football,Sports
Hobbies: reading yoga  interests: Badminton ,"Mind & Wellness, Reading & Writing, Sports"
Making creativitywatching movie,"Arts & Crafts, Entertainment"
Anime Cricket Defence ,Sports
Reading books Playing badminton listening songs,"Mind & Wellness, Music & Dance, Reading & Writing, Sports"
Dancing,Music & Dance
Chess cricket badminton,Sports
Reading and table tennis ,"Reading & Writing, Sports"
Dance,Music & Dance
Playing cricket and other outdoor activities ,Sports
Painting travelling ,"Arts & Crafts, Travel & Adventure"
Watching movies and painting ,"Arts & Crafts, Entertainment"
Playing Cricket ,Sports
I like to read novels,Reading & Writing
Basketball ,Sports
Gaming,Gaming
Playing Football ,Sports
Reading cooking sketching ,"Arts & Crafts, Cooking & Baking, Reading & Writing"
Playing sports ,Sports
Cooking dancing reading ,"Cooking & Baking, Music & Dance, Reading & Writing"
Dance ,Music & Dance
Basketball ,Sports
Dancing reading,"Music & Dance, Reading & Writing"
Travelling and playing mobile games ,"Gaming, Travel & Adventure"
.,None
learning new skills playing sports(outdoor),"Design, Education & Study, Reading & Writing, Sports"
Traveling,Travel & Adventure
Elocution ,Education & Study
Guitar and Sketching,"Arts & Crafts, Music & Dance"
1)GYM 2)Cricket 3)Taking care of my appearance,"Automotive & Racing, Fitness & Gym, Sports"
Travelling watching TV and phone ,"Entertainment, Travel & Adventure"
Music,Music & Dance
Playing outdoor game's ,Gaming
Dance travel reading listening music,"Mind & Wellness, Music & Dance, Reading & Writing, Travel & Adventure"
Trading and weight training ,"Business & Finance, Fitness & Gym"
Reading books ,Reading & Writing
Listening music ,"Mind & Wellness, Music & Dance"
Watch sports tinkering,"Entertainment, Sports"
Playing cricket and badminton ,Sports
Sports and entrepreneurship ,"Business & Finance, Sports"
Playing Treaking,Travel & Adventure
Drawing n reading ,"Arts & Crafts, Reading & Writing"
Music ,Music & Dance
Listening musicDrawing ,"Arts & Crafts, Mind & Wellness, Music & Dance"
Drawingarts ,Arts & Crafts
Playing games ,Gaming
Singing and traveling ,"Music & Dance, Travel & Adventure"
Studingplayingartcooking ,"Arts & Crafts, Cooking & Baking"
Reading books listening to music,"Mind & Wellness, Music & Dance, Reading & Writing"
Skating and swimming ,Sports
Painting ,Arts & Crafts
Football  gym freak,"Fitness & Gym, Sports"
Spending time with loved ones,Mind & Wellness
Reading book,Reading & Writing
Space research and traveling ,"Education & Study, Travel & Adventure"
MUSIC AND TRAVELLING ,"Music & Dance, Travel & Adventure"
Travelling and Reading ,"Reading & Writing, Travel & Adventure"
Gym  cycling listening Music ,"Fitness & Gym, Mind & Wellness, Music & Dance"
Dancing Travelling ,"Music & Dance, Travel & Adventure"
Poetry writing and sketching ,"Arts & Crafts, Reading & Writing"
Cooking ,Cooking & Baking
Swimming playing sports travelling ,"Sports, Travel & Adventure"
Sports ,Sports
Nature Drawing and Nature Photography ,"Arts & Crafts, Design"
Singing dancing daily kitchen works and... I love to read books ,"Cooking & Baking, Music & Dance, Reading & Writing"
Sports ,Sports
Like to play karate ,Sports
Playing karate ,Sports
I like to travelling and see the most very good  and different places,Travel & Adventure
Reading booksCricket,"Reading & Writing, Sports"
Reading sketching listening to music,"Arts & Crafts, Mind & Wellness, Music & Dance, Reading & Writing"
Reading books playing games listening music,"Gaming, Mind & Wellness, Music & Dance, Reading & Writing"
1. Talking with elder people and their experiences. 2. Listening music 3. Reading ,"Mind & Wellness, Music & Dance, Reading & Writing"
Reading Hard work for better future ,Reading & Writing
Photography And VFX,Design
Traveling ,Travel & Adventure
Gamingsketching,"Arts & Crafts, Gaming"
Art and craft,Arts & Crafts
Cricket ,Sports
Business finance stock markets forex and real estate ,Business & Finance
Listening to music and dance ,"Mind & Wellness, Music & Dance"
Basketball and music ,"Music & Dance, Sports"
Acting Sports Travelling & Riding Dance Cooking,"Arts & Crafts, Automotive & Racing, Cooking & Baking, Music & Dance, Sports, Travel & Adventure"
reading books  writing singing coding ,"Music & Dance, Reading & Writing, Technology & Coding"
Reading,Reading & Writing
Acting  Dancing,"Arts & Crafts, Music & Dance"
Communicate with frnds and prof. For chemical industries and projects ,"Business & Finance, Social & Volunteering"
Playing cricket ,Sports
Dance and singing ,Music & Dance
Photographygaming,"Design, Gaming"
Dance  music,Music & Dance
Singing drawing ,"Arts & Crafts, Music & Dance"
Photography ,Design
.,None
Cars travel  Tv  Cartoonsbikesfoodtime spending with family ,"Arts & Crafts, Automotive & Racing, Cooking & Baking, Entertainment, Mind & Wellness, Travel & Adventure"
Interest in listing song ,Music & Dance
 I like singing  and dancing,Music & Dance
Reading Music drawing dance ,"Arts & Crafts, Music & Dance, Reading & Writing"
Traveling ,Travel & Adventure
product videography ,Design
Cricket ,Sports
Dancing writing listening music travelling shopping ,"Mind & Wellness, Music & Dance, Reading & Writing, Travel & Adventure"
Cricket,Sports
Swimming,Sports
Watching cricketplaying videogamesacting,"Arts & Crafts, Entertainment, Gaming, Sports"
Dancing singing acting ,"Arts & Crafts, Music & Dance"
Interested in music a good singer and artist good creative skills ,"Arts & Crafts, Music & Dance"
Knowing about politics and watching science frictional movies,Entertainment
Music Production Volleyball Game development ,"Gaming, Music & Dance, Sports"
Watching sitcoms or web series ,Entertainment
Playing cricket travelling exploring ,"Sports, Travel & Adventure"
Dance,Music & Dance
Drawing ,Arts & Crafts
Travelling ,Travel & Adventure
Playing games,Gaming
Not any specific.,None
.,None
Ho learn new technologies ,"Design, Reading & Writing, Technology & Coding"
Learning new skills and interested in volunteering teamwork ,"Design, Education & Study, Reading & Writing, Social & Volunteering"
Playing cricket ,Sports
Watching movies and listening music,"Entertainment, Mind & Wellness, Music & Dance"
I just like to play cricket.,Sports
Reading fiction books watching netflix,"Entertainment, Reading & Writing"
..,None
Watching Movies ,Entertainment
Listening music observing things.,"Mind & Wellness, Music & Dance"
Cars,Automotive & Racing
Travelling ,Travel & Adventure
Playing cricket ,Sports
Miniature design Classical Basari Instrument Playing ,Design
Drawing painting doing mehndi art,"Arts & Crafts, Technology & Coding"
Playing and watching cricket ,"Entertainment, Sports"
Singing  drawing,"Arts & Crafts, Music & Dance"
Badminton,Sports
Swimming ,Sports
Gym cricket,"Fitness & Gym, Sports"
Cricket,Sports
..,None
Sky watching and Sports,"Entertainment, Sports"
Sports ,Sports
Swimming Taekwondo tracking ,"Sports, Travel & Adventure"
Football music,"Music & Dance, Sports"
Swimming and Event Managing ,"Social & Volunteering, Sports"
Writing poems ,Reading & Writing
Arts craft singing sketching ,"Arts & Crafts, Music & Dance"
Sketching  Cooking ,"Arts & Crafts, Cooking & Baking"
Reading booksdancing singing karate ,"Music & Dance, Reading & Writing, Sports"
Sketching ,Arts & Crafts
Dancing reading,"Music & Dance, Reading & Writing"
Dancing and reading ,"Music & Dance, Reading & Writing"
Geopolitical study,Education & Study
Badminton and dancing ,"Music & Dance, Sports"
Gaming ,Gaming
Nothing ,None
Paintings ,Arts & Crafts
Dancing,Music & Dance
Reading exploring,"Reading & Writing, Travel & Adventure"
I play badminton and swim ,Sports
Playing cricket,Sports
Dance ,Music & Dance
Learning New Things Playing Cricket Traveling Eating ,"Design, Education & Study, Reading & Writing, Sports, Travel & Adventure"
No option ,None
Coding  cricket,"Sports, Technology & Coding"
Acquiring information about social activities and current affairs helps in staying informed,Social & Volunteering
Traveling ,Travel & Adventure
Nothing ,None
athletics,Sports
No,None
Travel  Dance ,"Music & Dance, Travel & Adventure"
Capturing pictures  ,Arts & Crafts
Ny hobby is reading listening songs cleanliness ,"Mind & Wellness, Music & Dance, Reading & Writing"
Traveling ,Travel & Adventure
Running,Fitness & Gym
Some special do for family ,Mind & Wellness
Swimming,Sports
LISTENING MUSIC,"Mind & Wellness, Music & Dance"
Sport,Sports
Traveling ,Travel & Adventure
Yes,None
Dancing listening music create new things ,"Design, Mind & Wellness, Music & Dance"
Reading books Listening music,"Mind & Wellness, Music & Dance, Reading & Writing"
Gaming ,Gaming
Drawing ,Arts & Crafts
I'm athlete,Sports
Traveling   cooking ,"Cooking & Baking, Travel & Adventure"
Traveling and playing cricket,"Sports, Travel & Adventure"
Drawing ,Arts & Crafts
Painting listining music ,"Arts & Crafts, Music & Dance"
Spending time with pets  colouring trying something new .,"Arts & Crafts, Design"
Like to learn more languages ,"Education & Study, Reading & Writing"
Dancing and sports ,"Music & Dance, Sports"
Learning ,"Education & Study, Reading & Writing"
Drawing ,Arts & Crafts
Drawing ,Arts & Crafts
Reading and listening online story ,"Mind & Wellness, Reading & Writing"
Not exactly a specific hobby ,None
Learning management skills & organizing events,"Education & Study, Reading & Writing, Social & Volunteering"
Playing volleyball ,Sports
Fitness and Driving,"Fitness & Gym, Travel & Adventure"
Travelling ,Travel & Adventure
Book reading and Crafting,"Arts & Crafts, Reading & Writing"
I love playing chess,Sports
Like to travel and making creative things ,Travel & Adventure
Reading learning new thingssite work playing kabbadi,"Design, Education & Study, Reading & Writing, Sports"
New Innovative Entrepreneurship Research ,"Business & Finance, Design, Education & Study"
Data Analytics ,Education & Study
Sports ,Sports
Travelling & Playing Games ,"Gaming, Travel & Adventure"
Swimming chess travelling ,"Sports, Travel & Adventure"
Listening,Mind & Wellness
Drawing painting ,Arts & Crafts
Design field ,Design
Paintings  designing and organizing home  interest in trying new things,"Arts & Crafts, Design"
Sketching painting reading learning new skills makes mi excited ,"Arts & Crafts, Design, Education & Study, Reading & Writing"
Reading carrier oriented Books and businessmen biography ,"Automotive & Racing, Business & Finance, Reading & Writing"
Painting dancing ,"Arts & Crafts, Music & Dance"
Music ,Music & Dance
Reading driving ,"Reading & Writing, Travel & Adventure"
Dance,Music & Dance
Playing chess  listening music travelling ,"Mind & Wellness, Music & Dance, Sports, Travel & Adventure"
Watching TV Reading news paper,"Design, Entertainment, Reading & Writing"
Traveling songs listening ,"Mind & Wellness, Music & Dance, Travel & Adventure"
Graphic design  video editing Ms office works,Design
 sports and courses,Sports
Cricketchess reading books.,"Reading & Writing, Sports"
Trading and investing. And reading self help books GK and biographies etc. Playing football. ,"Business & Finance, Reading & Writing, Sports"
Traveling ,Travel & Adventure
Listing song ,Music & Dance
Cricket  football  coding and reading ,"Reading & Writing, Sports, Technology & Coding"
Playing chess ,Sports
Listening Song,"Mind & Wellness, Music & Dance"
Designcoding,"Design, Technology & Coding"
I am part time cricketer for club ,"Arts & Crafts, Sports"
Reading novels books playing game,"Gaming, Reading & Writing"
Reading a book sleeping and dancing ,"Mind & Wellness, Music & Dance, Reading & Writing"
Book reading ,Reading & Writing
I like to read books ,Reading & Writing
Exploring new places ,"Design, Travel & Adventure"
Cricket,Sports
Reading books and playing outdoor sports,"Reading & Writing, Sports"
Reading Checking out new devices,"Design, Reading & Writing"
Cricket,Sports
Playing Cricket ðŸ,Sports
Reading ,Reading & Writing
Traveling and Driving,Travel & Adventure
Painting and travel ðŸ§³,"Arts & Crafts, Travel & Adventure"
Games ,Gaming
Singing dancing ,Music & Dance
Art & Craft,Arts & Crafts
Physical activities like sports (basketball soccer baseball) outdoor adventures (hiking camping fishing) creative pursuits (drawing painting playing a musical instrument) building and collecting (model cars Lego) gaming (video games board games) martial arts coding photography cooking and even gardening depending on their interests and age. ,"Arts & Crafts, Automotive & Racing, Cooking & Baking, Design, Gaming, Gardening, Music & Dance, Sports, Technology & Coding, Travel & Adventure"
Reading books and government exams ,Reading & Writing
Gaming,Gaming
Reading Danching Travelling etc.,"Reading & Writing, Travel & Adventure"
Cricket ,Sports
Study ,Education & Study
Reading Dancing Error solving ,"Music & Dance, Reading & Writing"
Trekking & Sports,"Sports, Travel & Adventure"
Watching cricket and playing cricket Listening Music ,"Entertainment, Mind & Wellness, Music & Dance, Sports"
Tracking watching phone and TV,"Entertainment, Travel & Adventure"
Singing and dancing ,Music & Dance
drawing,Arts & Crafts
Love cooking ,Cooking & Baking
yoga and meditation ,Mind & Wellness
Playing cricket kabbadi ,Sports
Travelling sketching ,"Arts & Crafts, Travel & Adventure"
Dancing and cooking ,"Cooking & Baking, Music & Dance"
Playing Basketball ,Sports
Cricket ,Sports
Singing Reading,"Music & Dance, Reading & Writing"
Coding ,Technology & Coding
Cricket ,Sports
Armed Forces but some reason I'm not allowed in armed forces. ,Fitness & Gym
Playing outdoor games and coding,"Gaming, Technology & Coding"
Reading ,Reading & Writing
Traveling ,Travel & Adventure
Swimming ,Sports
My hobbies are to ride on bikes watching you tube I have interest in helping people and also sometimes in earning new things..,"Automotive & Racing, Design, Entertainment"
Coding ,Technology & Coding
Cooking ,Cooking & Baking
Movie swimming dancing,"Entertainment, Music & Dance, Sports"
For many activities which is homeless ,Mind & Wellness
Sports,Sports
Playing games,Gaming
Playing cricket ,Sports
Listening music drawingsurfing internet. ,"Arts & Crafts, Mind & Wellness, Music & Dance"
Drawing bakingcooking rangoli making etc,"Arts & Crafts, Cooking & Baking"
Workout ,Fitness & Gym
SPORTS ,Sports
Learning new things ,"Design, Education & Study, Reading & Writing"
Wicket keeper ,Sports
foot ball ,Sports
-,None
Driving ,Travel & Adventure
Sleeping ,Mind & Wellness
Cricket,Sports
.,None
Riding bike,Automotive & Racing
Motorsports,Sports
Reading watching movies photography trying different foods items.,"Cooking & Baking, Design, Entertainment, Reading & Writing"
Traveling and sports ,"Sports, Travel & Adventure"
Interest in vehicles design & manufacturing ,Design
Watching Movie ,Entertainment
Dancing and drawing ,"Arts & Crafts, Music & Dance"
Good interactioncommunication cricket ,Sports
air rifle shooting ,Sports
Playing cricket ,Sports
Playing volleyball ,Sports
Reading listening music dancing art and craft,"Arts & Crafts, Mind & Wellness, Music & Dance, Reading & Writing"
Painting and photography ,"Arts & Crafts, Design"
Exercise ,Fitness & Gym
Animation,Design
Reading ,Reading & Writing
Cricket and games ,"Gaming, Sports"
Coding tech field dance cricket tennis interest in buisness and finance ,"Business & Finance, Music & Dance, Sports, Technology & Coding"
Playing Games ,Gaming
Playing cricket and baseball,Sports
Learning new things ,"Design, Education & Study, Reading & Writing"
Reading novels webnovels fiction and non fiction gaming chess,"Gaming, Reading & Writing, Sports"
Singing dancing,Music & Dance
Reading ,Reading & Writing
My hobbies is mehandi rangoli sports and dance,"Music & Dance, Sports"
Drawing and designing,"Arts & Crafts, Design"
Join the MNC,Business & Finance
playing games reading crafting new things,"Arts & Crafts, Design, Gaming, Reading & Writing"
Painting and crafting,Arts & Crafts
Sports game ,"Gaming, Sports"
Playing cricketusing net browsing etc,Sports
Outing dancing etc,Music & Dance
Listening to songs gym workout exploring nature etc.,"Fitness & Gym, Mind & Wellness, Music & Dance, Travel & Adventure"
Reading fantasy books as well as biographies,Reading & Writing
Don't know ,None
Sketching travelling,"Arts & Crafts, Travel & Adventure"
Watching movies ,Entertainment
Creativity ,Arts & Crafts
Learn new language ,"Design, Education & Study, Reading & Writing"
Karate and listening music ,"Mind & Wellness, Music & Dance, Sports"
Coding & Programming â€“ Building projects solving coding challenges or exploring new languages.,"Business & Finance, Design, Education & Study, Technology & Coding, Travel & Adventure"
Exploring new things ,"Design, Travel & Adventure"
Data analytics playing team games ,"Education & Study, Gaming"
Playing cricket  mobile & computer games ,"Gaming, Sports, Technology & Coding"
Watching movies ,Entertainment
Writing listening songs gaming ,"Gaming, Mind & Wellness, Music & Dance, Reading & Writing"
Listening music coding online games,"Gaming, Mind & Wellness, Music & Dance, Technology & Coding"
Gaming Cricket football  Spending time with friends and family ,"Gaming, Mind & Wellness, Sports"
Dancing ,Music & Dance
Reading a books ,Reading & Writing
Reading books  ,Reading & Writing
To watch funny videos ,Entertainment
Dancingcooking ,"Cooking & Baking, Music & Dance"
Drawing,Arts & Crafts
Making reels photoholic,Entertainment
Photography Editing Traveling,"Design, Travel & Adventure"
Dancing and playing ,Music & Dance
Riding Horses ,Automotive & Racing
Listening Music Travelling ,"Mind & Wellness, Music & Dance, Travel & Adventure"
Listening music watching series/YouTube ,"Entertainment, Mind & Wellness, Music & Dance"
Innovative new ideas into projects and gaming in free time,"Business & Finance, Design, Gaming"
I like reading drawing,"Arts & Crafts, Reading & Writing"
Drawing Digital Illustration 2D Animation,"Arts & Crafts, Design"
Drivingreading ,"Reading & Writing, Travel & Adventure"
Reading ,Reading & Writing
Reading travel,"Reading & Writing, Travel & Adventure"
Reading  watching serial ,"Entertainment, Reading & Writing"
Sports,Sports
Woking Hard Playing Cricket ,Sports
Writing Reading,Reading & Writing
Read novel and books,Reading & Writing
Reading,Reading & Writing
Trekking ,Travel & Adventure
Make a Best Software engineer,Technology & Coding
Writing Listening Music Cooking ,"Cooking & Baking, Mind & Wellness, Music & Dance, Reading & Writing"
Reading cooking ,"Cooking & Baking, Reading & Writing"
Playing cricket trekking ,"Sports, Travel & Adventure"
Traveling Listening Music ,"Mind & Wellness, Music & Dance, Travel & Adventure"
Traveling ,Travel & Adventure
Playing any sports ,Sports
Dancingplaying ,Music & Dance
Cricket,Sports
Dancing and reading ,"Music & Dance, Reading & Writing"
Cricket travelling kabaddi listening music etc.,"Mind & Wellness, Music & Dance, Sports, Travel & Adventure"
Reading and drawing ,"Arts & Crafts, Reading & Writing"
Business ,Business & Finance
Cycling listen music,Music & Dance
Waching novel ,Reading & Writing
Love to express thoughts by writing Singing ,"Music & Dance, Reading & Writing"
Swimming watching movies Coding ,"Entertainment, Sports, Technology & Coding"
Interest is learning new things ,"Design, Education & Study, Reading & Writing"
Solo Traveling,Travel & Adventure
Sports dancing  bike riding and tracking ,"Automotive & Racing, Music & Dance, Sports, Travel & Adventure"
reading books and watching thriller movies and cricket,"Entertainment, Reading & Writing, Sports"
Reading novels,Reading & Writing
To being an Cricketer ,Sports
Gym Trekking Discussion on politics and world affairs Technology farming,"Fitness & Gym, Technology & Coding, Travel & Adventure"
Walking,Fitness & Gym
NA,None
Reading books and exploring the new things ,"Design, Reading & Writing, Travel & Adventure"
Making designs Drawing dancing reading travelling cooking,"Arts & Crafts, Cooking & Baking, Design, Music & Dance, Reading & Writing, Travel & Adventure"
Singing Coding ,"Music & Dance, Technology & Coding"
Learning new things playing an harmonium reading books  teamwork ,"Design, Education & Study, Music & Dance, Reading & Writing"
Drawing playing cricket listening songs,"Arts & Crafts, Mind & Wellness, Music & Dance, Sports"
My hobbies are watching movies/webseries playing cricket travelling tracking ,"Entertainment, Sports, Travel & Adventure"
Cricket and road trip ,"Sports, Travel & Adventure"
Dancing playing Drawing ,"Arts & Crafts, Music & Dance"
Dancing and Learning ,"Education & Study, Music & Dance, Reading & Writing"
Imagination dancing writing interest in software testing IT or non IT,"Music & Dance, Reading & Writing, Technology & Coding"
Listening music ,"Mind & Wellness, Music & Dance"
Playing cricketvollyball,"Entertainment, Sports"
Reading,Reading & Writing
Sports General knowledge question solving,"Education & Study, Sports"
Singing,Music & Dance
Drawing playing sports ,"Arts & Crafts, Sports"
Singing,Music & Dance
Playing a Cricket Making interesting new thing or projects,"Business & Finance, Design, Sports"
Dancing,Music & Dance
Learning New skills ,"Design, Education & Study, Reading & Writing"
Work-out ,Fitness & Gym
Nothing ,None
Reading writing coding etc,"Reading & Writing, Technology & Coding"
Video Editing Coding Cricket Volleyball Etc.,"Design, Sports, Technology & Coding"
Playing outdoor games web development ,"Gaming, Technology & Coding"
Writing singingsolve problems ,"Music & Dance, Reading & Writing"
Islamic studies ,Education & Study
Gym ,Fitness & Gym
Sleeping ,Mind & Wellness
Singing dancing playing sports,"Music & Dance, Sports"
Learning new technology playing badminton,"Design, Education & Study, Reading & Writing, Sports, Technology & Coding"
Watching and playing sportswatching movies and web series,"Entertainment, Sports"
I like to binge watch movies ,Entertainment
Tennis Reading ,"Reading & Writing, Sports"
Cyclinggym,Fitness & Gym
Still figuring out,None
Playing E-Games Gym ,"Fitness & Gym, Gaming"
Playing chess problem solving,"Puzzles, Sports"
Playing football chess swimming mind related games and also listening to music ,"Gaming, Mind & Wellness, Music & Dance, Sports"
PaintingReading,"Arts & Crafts, Reading & Writing"
Reading History Geography Geo Political ,Reading & Writing
Cooking and listening to music ,"Cooking & Baking, Mind & Wellness, Music & Dance"
Drawing Mandalas listening to music watching movies and web series playing any sport in general ,"Arts & Crafts, Entertainment, Mind & Wellness, Music & Dance, Sports"
Listening songs,"Mind & Wellness, Music & Dance"
Hobbies is to play musical instruments and interest is in aws cloud,Music & Dance
Playing ,Sports
Learning new things ,"Design, Education & Study, Reading & Writing"
Playing Football,Sports
Basketball non-fictional reading ,"Reading & Writing, Sports"
Dance,Music & Dance
Playing cricket and watching podcasts.,"Entertainment, Sports"
Reading Gaming Graphic Designing,"Design, Gaming, Reading & Writing"
Sports ,Sports
Listening to music singingtrekking playing cricketetc,"Mind & Wellness, Music & Dance, Sports, Travel & Adventure"
Art,Arts & Crafts
Singing reading dancing,"Music & Dance, Reading & Writing"
Badminton and Exercise and Listening to Music ,"Fitness & Gym, Mind & Wellness, Music & Dance, Sports"
Meditation ,Mind & Wellness
Don't know ,None
Social work,Social & Volunteering
Listening songsGym,"Fitness & Gym, Mind & Wellness, Music & Dance"
READING BOOKS AND DRAWING,"Arts & Crafts, Reading & Writing"
Badminton carrom and music,"Automotive & Racing, Music & Dance, Sports"
No,None
Chilling ,Mind & Wellness
Kabaddi Dance  Travelling ,"Music & Dance, Sports, Travel & Adventure"
Sports ,Sports
Cricket singing travelling ,"Music & Dance, Sports, Travel & Adventure"
SPORTS,Sports
listening music watching movies talk to parent and friend ,"Entertainment, Mind & Wellness, Music & Dance"
READING BOOKS GARDENING CINEMATOGRAPHYPAINTING.,"Arts & Crafts, Entertainment, Gardening, Reading & Writing"
Dramatics,Entertainment
Basketball ,Sports
Watching listening music,"Entertainment, Mind & Wellness, Music & Dance"
Reading story books ,Reading & Writing
Movies,Entertainment
Designing templates UI using figma and Canva sketchingdoodle art ,"Arts & Crafts, Design"
Watching a movie,Entertainment
BASKETBALL WATCHING REELS AND YOUTUBE,"Entertainment, Sports"
Sports eSports ,"Gaming, Sports"
Playing cricket ,Sports
Drawing ,Arts & Crafts
Gardening ,Gardening
Drawing reading travelling ,"Arts & Crafts, Reading & Writing, Travel & Adventure"
Crying,Mind & Wellness
reading Books,Reading & Writing
Playing Sports drawing reading ,"Arts & Crafts, Reading & Writing, Sports"
art and craft sports reading ,"Arts & Crafts, Reading & Writing, Sports"
gym,Fitness & Gym
Playing badminton listening music  walking ,"Fitness & Gym, Mind & Wellness, Music & Dance, Sports"
Watching and playing cricket,"Entertainment, Sports"
Cricket editing ,Sports
Theatre scripting,Reading & Writing
Money making ,Business & Finance
drawing ,Arts & Crafts
Coding ,Technology & Coding
Cooking and dancing,"Cooking & Baking, Music & Dance"
Basketball and watching F1,"Entertainment, Sports"
Basketball ,Sports
Listening music,"Mind & Wellness, Music & Dance"
Cooking playing kabadi ,Cooking & Baking
Movies and video games,"Entertainment, Gaming"
Art fashion ,Arts & Crafts
Playing virtual games badminton.,"Gaming, Sports"
Web crawling playing sports reading books trekking ,"Reading & Writing, Sports, Travel & Adventure"
Playing Computer games Reading books Learning new Skills,"Design, Education & Study, Gaming, Reading & Writing, Technology & Coding"
I love to play and watch cricket. ,"Entertainment, Sports"
Dancingsingingartplaying instrumentsetc,"Arts & Crafts, Music & Dance"
Playing Table Tennis and listening podcast,"Mind & Wellness, Sports"
CRICKET ðŸ,Sports
Cricket and music,"Music & Dance, Sports"
Learning new things everday watching sunrise and sunset,"Design, Education & Study, Entertainment, Reading & Writing"
None,None
Cooking,Cooking & Baking
Playing Volleyball Hangout With Friends at Night ,Sports
Workout at GYM,Fitness & Gym
Travelling with Family and friends Solving Mathematical problems Dancing,"Education & Study, Mind & Wellness, Music & Dance, Travel & Adventure"
Travelling ,Travel & Adventure
Reading and cooking.,"Cooking & Baking, Reading & Writing"
Cooking,Cooking & Baking
Railfanning ,Automotive & Racing
Gym,Fitness & Gym
Cooking ,Cooking & Baking
Playing Chess,Sports
Music,Music & Dance
Trying new places  organizing  cooking  watching shows and movies  making entertaining videos etc.video,"Cooking & Baking, Design, Entertainment"
Reading and playing cricket ,"Reading & Writing, Sports"
Gym,Fitness & Gym
Music dance eager to learn new things or gain knowledge. ,"Design, Education & Study, Music & Dance, Reading & Writing"
Reading ,Reading & Writing
Playing games,Gaming
playing video games and learning new languages ,"Design, Education & Study, Gaming, Reading & Writing"
football,Sports
Gym cricket ,"Fitness & Gym, Sports"
Reading Gardening Travelling,"Gardening, Reading & Writing, Travel & Adventure"
Reading History Cooking ,"Cooking & Baking, Reading & Writing"
Travelling reading ,"Reading & Writing, Travel & Adventure"
Reading ,Reading & Writing
Travelling cooking listening music,"Cooking & Baking, Mind & Wellness, Music & Dance, Travel & Adventure"
Video Games Watching Anime,"Entertainment, Gaming"
Badminton and Reading ,"Reading & Writing, Sports"
Music,Music & Dance
reading traveling ,"Reading & Writing, Travel & Adventure"
Sports ,Sports
Cricket ,Sports
Playing cricket ,Sports
Gaming,Gaming
Playing Sports,Sports
Dance  reading  travelling ,"Music & Dance, Reading & Writing, Travel & Adventure"
Cricket listening music reading story books,"Mind & Wellness, Music & Dance, Reading & Writing, Sports"
Hiking swimming,"Sports, Travel & Adventure"
Cricket ,Sports
Dancing  Reading,"Music & Dance, Reading & Writing"
Tennis,Sports
Listening music ,"Mind & Wellness, Music & Dance"
Playing online games traveling ,"Gaming, Travel & Adventure"
Music Reading,"Music & Dance, Reading & Writing"
Learning about computersprogrammingvideo games,"Education & Study, Gaming, Reading & Writing, Technology & Coding"
I like to spend time with my friend  playing badminton  watch series for entertainment,"Entertainment, Sports"
Volleyball ,Sports
Gaming,Gaming
playing Basketball  Interested in GEOPOLITICS ,Sports
Sports  Book readingtraveling,"Reading & Writing, Sports, Travel & Adventure"
Like to swim ,Sports
Reading books and exploring life ,"Reading & Writing, Travel & Adventure"
Gardening Reading books,"Gardening, Reading & Writing"
Sports watching movies and listening to songs,"Entertainment, Mind & Wellness, Music & Dance, Sports"
Waching online shows and reading books,Reading & Writing
Drawing painting ,Arts & Crafts
Book reading skating and travelling ,"Reading & Writing, Sports, Travel & Adventure"
I like dancing drawing ,"Arts & Crafts, Music & Dance"
Swimming  Travelling ,"Sports, Travel & Adventure"
cooking  reading painting ,"Arts & Crafts, Cooking & Baking, Reading & Writing"
Playing cricket ,Sports
Playing video games editing and learning new things,"Design, Education & Study, Gaming, Reading & Writing"
Computers and sports,"Sports, Technology & Coding"
Coding gaming,"Gaming, Technology & Coding"
Painting,Arts & Crafts
Dance,Music & Dance
Sports ,Sports
Reading book ,Reading & Writing
Gilli danda   hide and seek,Sports
Driving listening music,"Mind & Wellness, Music & Dance, Travel & Adventure"
Watching movies and playing game,"Entertainment, Gaming"
Listening to Music ,"Mind & Wellness, Music & Dance"
Singing and playing cricket ,"Music & Dance, Sports"
Listening music Travel ,"Mind & Wellness, Music & Dance, Travel & Adventure"
Reading different books interests in web development. ,"Reading & Writing, Technology & Coding"
Creativity ,Arts & Crafts
Dancing and sports ,"Music & Dance, Sports"
Painting reading books ,"Arts & Crafts, Reading & Writing"
I like to read and write stories and listen to music,"Music & Dance, Reading & Writing"
Video editing ,Design
Sketchingsinginggaming,"Arts & Crafts, Gaming, Music & Dance"
no,None
Writting ,Reading & Writing
If I write about my hobbies I am actually yet to find the perfect hobby but I have a huge interest in robotics  Artificial intelligence since my childhood ,"Arts & Crafts, Technology & Coding"
Badminton ,Sports
