InternshipPaymentStatusPaidFree,_original_index
free,1
free,2
free,3
free,4
free,5
free,6
free,7
free,8
free,9
free,10
free,11
free,12
free,13
free,14
free,15
free,16
free,17
free,18
free,19
free,20
free,21
free,22
free,23
free,24
free,25
free,26
free,27
free,28
free,29
free,30
free,31
free,32
free,33
free,34
free,35
free,36
free,37
free,38
free,39
free,40
free,41
free,42
free,43
free,44
free,45
free,46
free,47
free,48
free,49
free,50
free,51
free,52
free,53
free,54
free,55
free,56
free,57
free,58
free,59
free,60
free,61
free,62
free,63
free,64
free,65
free,66
free,67
free,68
free,69
free,70
free,71
free,72
free,73
free,74
free,75
free,76
free,77
free,78
free,79
free,80
free,81
free,82
free,83
free,84
free,85
free,86
free,87
free,88
free,89
free,90
free,91
free,92
free,93
free,94
free,95
free,96
free,97
free,98
free,99
free,100
free,101
free,102
free,103
free,104
free,105
free,106
free,107
free,108
free,109
free,110
free,111
free,112
free,113
free,114
free,115
free,116
free,117
free,118
free,119
free,120
free,121
free,122
free,123
free,124
free,125
free,126
free,127
free,128
free,129
free,130
free,131
free,132
free,133
free,134
free,135
free,136
free,137
free,138
free,139
free,140
free,141
free,142
free,143
free,144
free,145
free,146
free,147
paid,148
paid,149
free,150
free,151
free,152
free,153
free,154
free,155
free,156
free,157
paid,158
free,159
free,160
free,161
free,162
free,163
free,164
free,165
free,166
free,167
free,168
free,169
free,170
free,171
free,172
free,173
free,174
free,175
free,176
free,177
free,178
free,179
free,180
free,181
free,182
free,183
free,184
paid,185
paid,186
free,187
free,188
free,189
free,190
free,191
free,192
free,193
paid,194
free,195
free,196
free,197
free,198
free,199
free,200
free,201
free,202
paid,203
free,204
free,205
free,206
free,207
free,208
free,209
free,210
free,211
free,212
paid,213
free,214
paid,215
free,216
free,217
free,218
free,219
free,220
free,221
free,222
free,223
free,224
free,225
free,226
free,227
free,228
free,229
free,230
free,231
free,232
free,233
free,234
paid,235
free,236
free,237
free,238
free,239
free,240
free,241
free,242
free,243
free,244
paid,245
free,246
free,247
free,248
free,249
free,250
free,251
free,252
free,253
free,254
free,255
paid,256
free,257
free,258
free,259
paid,260
free,261
free,262
free,263
free,264
free,265
free,266
free,267
free,268
free,269
free,270
free,271
paid,272
free,273
paid,274
free,275
paid,276
paid,277
free,278
free,279
free,280
free,281
paid,282
free,283
free,284
free,285
free,286
free,287
free,288
free,289
free,290
paid,291
free,292
free,293
free,294
free,295
paid,296
free,297
free,298
free,299
free,300
free,301
free,302
free,303
paid,304
free,305
free,306
free,307
free,308
free,309
free,310
free,311
free,312
free,313
free,314
free,315
free,316
paid,317
free,318
free,319
free,320
free,321
free,322
free,323
free,324
free,325
free,326
free,327
free,328
free,329
free,330
free,331
free,332
free,333
paid,334
free,335
free,336
free,337
free,338
free,339
paid,340
paid,341
free,342
free,343
free,344
free,345
paid,346
paid,347
free,348
free,349
free,350
free,351
free,352
free,353
free,354
free,355
free,356
free,357
free,358
paid,359
free,360
free,361
free,362
paid,363
free,364
free,365
free,366
free,367
free,368
free,369
free,370
free,371
free,372
free,373
free,374
free,375
free,376
free,377
free,378
free,379
free,380
free,381
paid,382
free,383
paid,384
free,385
free,386
paid,387
free,388
free,389
free,390
free,391
free,392
free,393
free,394
free,395
free,396
free,397
free,398
paid,399
free,400
free,401
free,402
free,403
free,404
paid,405
free,406
free,407
free,408
free,409
free,410
free,411
free,412
free,413
free,414
free,415
free,416
free,417
free,418
paid,419
free,420
free,421
free,422
free,423
free,424
free,425
free,426
paid,427
free,428
free,429
free,430
free,431
free,432
paid,433
free,434
paid,435
paid,436
free,437
free,438
paid,439
free,440
free,441
paid,442
free,443
paid,444
free,445
free,446
free,447
free,448
free,449
free,450
free,451
free,452
free,453
free,454
free,455
free,456
paid,457
free,458
free,459
free,460
free,461
free,462
free,463
free,464
free,465
free,466
paid,467
free,468
free,469
free,470
free,471
free,472
free,473
free,474
free,475
free,476
free,477
free,478
free,479
free,480
free,481
free,482
free,483
free,484
free,485
paid,486
free,487
free,488
free,489
free,490
free,491
free,492
free,493
free,494
free,495
free,496
free,497
free,498
free,499
free,500
paid,501
free,502
free,503
free,504
free,505
free,506
free,507
free,508
free,509
free,510
paid,511
free,512
free,513
free,514
free,515
free,516
free,517
paid,518
paid,519
free,520
free,521
paid,522
free,523
free,524
free,525
free,526
free,527
free,528
free,529
free,530
free,531
free,532
free,533
free,534
free,535
free,536
free,537
free,538
free,539
free,540
free,541
free,542
free,543
free,544
free,545
free,546
paid,547
free,548
free,549
free,550
free,551
free,552
free,553
free,554
free,555
free,556
free,557
free,558
paid,559
free,560
free,561
free,562
free,563
free,564
free,565
free,566
free,567
free,568
paid,569
free,570
free,571
free,572
free,573
free,574
free,575
free,576
free,577
free,578
free,579
free,580
free,581
free,582
free,583
free,584
free,585
free,586
free,587
free,588
free,589
free,590
free,591
free,592
free,593
free,594
free,595
free,596
free,597
free,598
free,599
free,600
free,601
free,602
free,603
paid,604
free,605
free,606
free,607
free,608
paid,609
free,610
free,611
free,612
paid,613
free,614
free,615
free,616
free,617
free,618
free,619
free,620
free,621
free,622
free,623
free,624
free,625
free,626
free,627
free,628
free,629
free,630
free,631
free,632
free,633
free,634
free,635
free,636
free,637
free,638
free,639
free,640
free,641
free,642
free,643
free,644
free,645
free,646
free,647
free,648
free,649
free,650
free,651
free,652
free,653
free,654
free,655
free,656
free,657
free,658
free,659
free,660
paid,661
free,662
free,663
paid,664
free,665
free,666
free,667
free,668
free,669
free,670
free,671
free,672
free,673
free,674
free,675
free,676
free,677
free,678
free,679
free,680
free,681
free,682
free,683
free,684
free,685
free,686
paid,687
free,688
free,689
free,690
free,691
free,692
free,693
paid,694
paid,695
free,696
paid,697
free,698
paid,699
paid,700
free,701
free,702
free,703
free,704
free,705
free,706
free,707
free,708
free,709
free,710
free,711
free,712
free,713
free,714
free,715
free,716
free,717
paid,718
free,719
free,720
paid,721
free,722
free,723
free,724
paid,725
free,726
free,727
free,728
paid,729
paid,730
paid,731
paid,732
free,733
free,734
free,735
free,736
free,737
paid,738
free,739
free,740
free,741
paid,742
free,743
free,744
free,745
free,746
paid,747
free,748
free,749
free,750
free,751
free,752
paid,753
free,754
free,755
paid,756
free,757
paid,758
free,759
free,760
paid,761
free,762
free,763
free,764
paid,765
free,766
free,767
free,768
free,769
free,770
paid,771
free,772
free,773
free,774
free,775
free,776
free,777
free,778
free,779
paid,780
free,781
paid,782
free,783
free,784
free,785
free,786
free,787
free,788
free,789
free,790
free,791
free,792
free,793
free,794
free,795
free,796
free,797
free,798
free,799
paid,800
free,801
free,802
free,803
free,804
free,805
free,806
free,807
paid,808
free,809
free,810
paid,811
free,812
free,813
free,814
free,815
free,816
free,817
free,818
free,819
free,820
free,821
paid,822
free,823
free,824
free,825
free,826
free,827
free,828
free,829
free,830
free,831
free,832
free,833
free,834
free,835
free,836
free,837
free,838
free,839
free,840
free,841
free,842
free,843
free,844
free,845
free,846
free,847
free,848
free,849
free,850
free,851
free,852
paid,853
free,854
free,855
free,856
free,857
free,858
free,859
free,860
free,861
free,862
free,863
paid,864
free,865
free,866
free,867
free,868
free,869
free,870
free,871
free,872
free,873
free,874
free,875
free,876
free,877
free,878
free,879
free,880
free,881
free,882
free,883
free,884
paid,885
free,886
free,887
free,888
free,889
free,890
free,891
free,892
free,893
free,894
free,895
free,896
free,897
free,898
free,899
free,900
free,901
free,902
free,903
free,904
paid,905
free,906
free,907
paid,908
free,909
free,910
free,911
free,912
free,913
free,914
free,915
free,916
free,917
free,918
paid,919
free,920
free,921
free,922
free,923
free,924
paid,925
free,926
free,927
free,928
free,929
paid,930
free,931
free,932
free,933
paid,934
paid,935
free,936
free,937
free,938
free,939
free,940
free,941
paid,942
free,943
free,944
free,945
free,946
free,947
free,948
free,949
paid,950
free,951
free,952
free,953
free,954
free,955
free,956
paid,957
free,958
free,959
free,960
free,961
free,962
free,963
free,964
free,965
free,966
free,967
free,968
free,969
free,970
free,971
free,972
free,973
free,974
free,975
paid,976
free,977
free,978
free,979
free,980
free,981
free,982
free,983
free,984
free,985
free,986
free,987
free,988
free,989
paid,990
free,991
free,992
free,993
paid,994
paid,995
free,996
paid,997
free,998
free,999
paid,1000
paid,1001
paid,1002
free,1003
free,1004
paid,1005
free,1006
free,1007
free,1008
free,1009
free,1010
free,1011
free,1012
free,1013
free,1014
free,1015
free,1016
paid,1017
free,1018
free,1019
free,1020
paid,1021
free,1022
free,1023
free,1024
free,1025
free,1026
free,1027
free,1028
free,1029
free,1030
free,1031
paid,1032
free,1033
free,1034
free,1035
free,1036
free,1037
paid,1038
free,1039
free,1040
paid,1041
free,1042
free,1043
free,1044
free,1045
free,1046
free,1047
free,1048
free,1049
free,1050
paid,1051
free,1052
free,1053
free,1054
free,1055
paid,1056
free,1057
free,1058
free,1059
paid,1060
free,1061
free,1062
free,1063
free,1064
free,1065
free,1066
free,1067
free,1068
free,1069
free,1070
paid,1071
free,1072
paid,1073
free,1074
free,1075
free,1076
paid,1077
free,1078
free,1079
free,1080
free,1081
free,1082
free,1083
free,1084
free,1085
free,1086
free,1087
free,1088
free,1089
free,1090
free,1091
free,1092
free,1093
free,1094
free,1095
free,1096
free,1097
paid,1098
free,1099
paid,1100
paid,1101
paid,1102
free,1103
free,1104
free,1105
free,1106
paid,1107
free,1108
free,1109
free,1110
paid,1111
free,1112
paid,1113
free,1114
free,1115
free,1116
free,1117
paid,1118
paid,1119
paid,1120
free,1121
paid,1122
free,1123
free,1124
free,1125
free,1126
paid,1127
free,1128
free,1129
paid,1130
free,1131
paid,1132
free,1133
free,1134
free,1135
free,1136
free,1137
free,1138
free,1139
free,1140
free,1141
paid,1142
free,1143
paid,1144
free,1145
free,1146
free,1147
free,1148
free,1149
paid,1150
paid,1151
free,1152
free,1153
paid,1154
free,1155
free,1156
free,1157
free,1158
free,1159
free,1160
paid,1161
paid,1162
paid,1163
paid,1164
free,1165
free,1166
paid,1167
paid,1168
free,1169
free,1170
paid,1171
free,1172
free,1173
paid,1174
free,1175
free,1176
free,1177
free,1178
free,1179
free,1180
paid,1181
paid,1182
free,1183
paid,1184
free,1185
free,1186
free,1187
free,1188
paid,1189
free,1190
paid,1191
paid,1192
free,1193
free,1194
free,1195
free,1196
free,1197
paid,1198
paid,1199
paid,1200
free,1201
free,1202
free,1203
free,1204
free,1205
free,1206
free,1207
free,1208
free,1209
free,1210
free,1211
free,1212
free,1213
paid,1214
free,1215
free,1216
free,1217
free,1218
free,1219
paid,1220
free,1221
free,1222
free,1223
free,1224
free,1225
free,1226
free,1227
free,1228
paid,1229
free,1230
paid,1231
free,1232
free,1233
free,1234
free,1235
free,1236
free,1237
free,1238
free,1239
free,1240
free,1241
paid,1242
free,1243
free,1244
free,1245
free,1246
free,1247
free,1248
free,1249
free,1250
free,1251
free,1252
free,1253
free,1254
free,1255
free,1256
free,1257
free,1258
free,1259
free,1260
free,1261
free,1262
free,1263
free,1264
free,1265
free,1266
free,1267
free,1268
free,1269
free,1270
free,1271
free,1272
paid,1273
paid,1274
free,1275
free,1276
free,1277
free,1278
free,1279
paid,1280
free,1281
free,1282
free,1283
free,1284
free,1285
free,1286
free,1287
free,1288
free,1289
free,1290
free,1291
free,1292
free,1293
free,1294
free,1295
free,1296
free,1297
free,1298
free,1299
free,1300
free,1301
free,1302
free,1303
free,1304
free,1305
free,1306
free,1307
free,1308
free,1309
free,1310
free,1311
free,1312
free,1313
free,1314
free,1315
free,1316
free,1317
free,1318
free,1319
paid,1320
free,1321
free,1322
free,1323
free,1324
free,1325
free,1326
free,1327
free,1328
free,1329
paid,1330
paid,1331
free,1332
free,1333
paid,1334
free,1335
free,1336
free,1337
free,1338
paid,1339
free,1340
paid,1341
free,1342
free,1343
free,1344
free,1345
free,1346
free,1347
free,1348
free,1349
free,1350
free,1351
free,1352
free,1353
paid,1354
free,1355
free,1356
free,1357
free,1358
free,1359
free,1360
free,1361
free,1362
free,1363
free,1364
free,1365
free,1366
free,1367
free,1368
paid,1369
free,1370
free,1371
free,1372
free,1373
free,1374
free,1375
free,1376
free,1377
free,1378
